Ticker,YahooFinance-Price-State,YahooFinance-URL
36270,Yahoo Financeによると，実際に取引された初めの日は2008-05-26,https://finance.yahoo.com/chart/3627.T
85180,"Yahoo Financeによると，2008-06-16：OHLCV=(500,500,470,470,0)，2008-06-17：OHLCV=(549,549,459,459,0)",https://finance.yahoo.com/chart/8518.T
16400,,
16460,,
16340,,
16490,,
16500,,
16450,,
16410,,
50180,,
21780,,
43500,,
21830,,
67300,,
33620,,
33710,,
52880,,
36340,,
96270,,
31530,,
21930,,
16730,,
16750,,
16720,,
45750,,
49520,,
87150,,
16920,,
16910,,
16970,,
16850,,
16880,,
16860,,
87500,,
37620,,
89790,,
45711,,
60500,,
36450,,
36460,,
45520,,
36530,,
30910,,
77300,,
90290,,
36550,,
36560,,
71480,,
36580,,
60540,,
46360,,
36600,,
49260,,
37501,,
26120,,
36620,,
67850,,
87320,,
29240,,
36640,,
22300,,
45800,,
94190,,
36650,,
36540,,
21690,,
60660,,
60670,,
60690,,
60700,,
38440,,
32800,,
28820,,
32760,,
36670,,
36680,,
36690,,
29310,,
60720,,
45860,,
31800,,
20330,,
36710,,
31820,,
36720,,
25880,,
22220,,
48280,,
20390,,
20380,,
36740,,
45870,,
62920,,
60750,,
31850,,
94410,,
62460,,
42420,,
29010,,
99130,,
63030,,
46280,,
30700,,
49700,,
99270,,
59000,,
90120,,
78770,,
46500,,
74300,,
74350,,
74860,,
38140,,
26580,,
64330,,
31730,,
99140,,
68220,,
26110,,
79390,,
97800,,
63460,,
62650,,
82980,,
46690,,
88540,,
78780,,
75090,,
30540,,
47690,,
33750,,
82080,,
42350,,
55420,,
49600,,
19920,,
79830,,
86820,,
17680,,
17580,,
97200,,
49180,,
59690,,
98520,,
74220,,
42430,,
17870,,
33700,,
99770,,
99490,,
68240,,
68340,,
28130,,
41020,,
87470,,
68640,,
75680,,
62860,,
79020,,
96790,,
78910,,
39440,,
93760,,
38030,,
66630,,
27100,,
42740,,
34370,,
64870,,
82570,,
38950,,
23040,,
17980,,
90490,,
93650,,
19890,,
19050,,
34260,,
52800,,
98230,,
33520,,
81910,,
60180,,
99670,,
93070,,
93620,,
93170,,
64970,,
81480,,
99410,,
90730,,
59660,,
91330,,
99760,,
16830,,
41130,,
19330,,
34390,,
74320,,
62660,,
66350,,
53800,,
93670,,
43650,,
17990,,
28760,,
35150,,
78580,,
43670,,
97780,,
78650,,
98290,,
53040,,
29050,,
48350,,
27540,,
98260,,
30400,,
27470,,
46730,,
75870,,
21640,,
75780,,
56970,,
52770,,
33990,,
98720,,
33170,,
75670,,
75150,,
76350,,
13800,,
53870,,
28770,,
74640,,
75380,,
75550,,
93220,,
17700,,
36000,,
52120,,
21950,,
81190,,
51620,,
19810,,
63840,,
49620,,
31400,,
17880,,
59500,,
93770,,
99960,,
53980,,
80450,,
17360,,
66610,,
62890,,
72650,,
78950,,
17930,,
96850,,
65180,,
89380,,
54840,,
31630,,
39540,,
61570,,
19940,,
56950,,
46540,,
64160,,
64140,,
33740,,
59520,,
24250,,
39530,,
46990,,
74250,,
83010,,
35780,,
64780,,
30370,,
96080,,
97330,,
78510,,
37900,,
59710,,
97230,,
99290,,
90340,,
96950,,
75650,,
24800,,
75700,,
17950,,
18480,,
59350,,
97360,,
52170,,
46900,,
74460,,
38470,,
79230,,
80720,,
68670,,
49200,,
47340,,
96860,,
90570,,
99090,,
75310,,
74340,,
90510,,
61560,,
46850,,
29040,,
72680,,
97530,,
98120,,
18970,,
28170,,
35990,,
99030,,
34240,,
23030,,
79970,,
17280,,
75970,,
90870,,
76430,,
69120,,
98670,,
43410,,
63220,,
96570,,
33530,,
27730,,
52830,,
99920,,
18410,,
46250,,
19040,,
59390,,
52790,,
46290,,
14270,,
60770,,
77780,,
31870,,
60780,,
60790,,
36770,,
31880,,
31890,,
60800,,
36780,,
36790,,
60810,,
36800,,
36820,,
60840,,
60850,,
60860,,
60900,,
36830,,
60920,,
77790,,
36860,,
60930,,
36870,,
60940,,
60950,,
60960,,
31930,,
71700,,
36100,,
36890,,
71720,,
36900,,
31950,,
36920,,
36930,,
36950,,
36940,,
94670,,
36970,,
36980,,
34520,,
60260,,
78160,,
60270,,
39020,,
60300,,
60310,,
60330,,
39040,,
60340,,
71760,,
39060,,
39070,,
20490,,
39100,,
39080,,
13930,,
39090,,
34560,,
39120,,
39140,,
39150,,
94170,,
31350,,
39160,,
31370,,
31380,,
78120,,
39170,,
39180,,
14320,,
61740,,
39200,,
34170,,
61790,,
61800,,
61810,,
34180,,
71830,,
61820,,
36510,,
39210,,
14350,,
61840,,
39230,,
39240,,
39250,,
45950,,
39270,,
61850,,
34640,,
39300,,
39310,,
61870,,
34670,,
39330,,
61920,,
39350,,
39360,,
61950,,
61940,,
63971,,
35410,,
35400,,
61960,,
39370,,
24520,,
61980,,
61990,,
14370,,
34690,,
14860,,
14870,,
39390,,
65330,,
39600,,
39610,,
39620,,
39650,,
32670,,
57040,,
39670,,
20650,,
35560,,
65410,,
39700,,
39680,,
39690,,
39740,,
39760,,
65430,,
35570,,
20690,,
20680,,
14400,,
35590,,
93250,,
35600,,
65450,,
35610,,
65460,,
39830,,
35620,,
39840,,
39850,,
65480,,
35650,,
14930,,
39860,,
65490,,
65500,,
66950,,
65520,,
39880,,
65510,,
35660,,
39890,,
66960,,
39900,,
65540,,
39910,,
23360,,
39920,,
39930,,
39940,,
65570,,
92610,,
34830,,
92620,,
34840,,
39950,,
93880,,
78080,,
39960,,
78070,,
92640,,
65580,,
39970,,
92660,,
66980,,
34860,,
65600,,
23340,,
39990,,
65620,,
39980,,
65630,,
65650,,
43800,,
14440,,
34460,,
65670,,
34890,,
94500,,
65720,,
65730,,
92710,,
34900,,
73200,,
92720,,
43810,,
65750,,
65740,,
43820,,
65760,,
65770,,
65780,,
43830,,
14450,,
65790,,
43860,,
43870,,
43890,,
43880,,
43910,,
70330,,
43930,,
34910,,
43950,,
42500,,
43960,,
43970,,
92760,,
34960,,
70360,,
43980,,
70380,,
70390,,
44200,,
44210,,
92790,,
44220,,
70420,,
65960,,
34980,,
70440,,
70460,,
44260,,
44250,,
70470,,
44280,,
76720,,
70490,,
44290,,
44300,,
44310,,
70560,,
44340,,
44350,,
44370,,
70620,,
70630,,
44380,,
44400,,
70640,,
44410,,
44420,,
70670,,
44440,,
58580,,
44450,,
70680,,
44460,,
29770,,
94650,,
76800,,
34480,,
44500,,
70720,,
48800,,
70730,,
70750,,
76840,,
70770,,
25570,,
44810,,
44820,,
76850,,
44860,,
29810,,
44870,,
70780,,
44880,,
70790,,
70800,,
25600,,
70820,,
14520,,
93260,,
44930,,
70980,,
76900,,
76910,,
29850,,
44970,,
40520,,
76890,,
44960,,
65990,,
73510,,
73520,,
44950,,
73530,,
40510,,
48830,,
40550,,
40560,,
40570,,
25670,,
49300,,
40580,,
40590,,
40600,,
34091,,
40110,,
40120,,
73380,,
73390,,
73370,,
29870,,
77900,,
40130,,
76920,,
50720,,
40140,,
73550,,
76930,,
40150,,
40160,,
73570,,
35781,,
40180,,
40190,,
41650,,
40200,,
41660,,
41670,,
76940,,
76950,,
41690,,
73590,,
41710,,
41720,,
73600,,
66130,,
29830,,
41730,,
41740,,
50730,,
41750,,
41770,,
73620,,
41760,,
66140,,
73630,,
41790,,
73430,,
62280,,
